Arquivo,Classe,Canto superior esquerdo fígado,Canto superior esquerdo rim,Altura,Comprimento
ROI_16_7,saudável,"(279, 177)","(235, 205)",28,28,1.0770078336075348,"[0.0012136033707168602, 7.283494006544156e-11, 5.452780087424529e-13, 4.165405630908406e-13, 1.5841279000339807e-25, -1.8729608262719702e-18, 1.196406532799974e-25]","[0.5185381711092251, 0.048936298657547304, 0.3207542906604698, 0.04893628794416365]","[6.657305211803206, 7.787436335544248, 6.345043722378259, 7.784615506743144]"
